"filename", "language", "C", "C++", "Batch", "Ini", "Log", "HTML", "comment", "blank", "total"
"y:\Workplace_Keil\小车\遥控小车\STM32F10x_Car_In_Project_LYB_V2.3\APP\inc\algorithm_PID.h", "C++", 0, 30, 0, 0, 0, 0, 38, 45, 113
"y:\Workplace_Keil\小车\遥控小车\STM32F10x_Car_In_Project_LYB_V2.3\APP\inc\led.h", "C++", 0, 16, 0, 0, 0, 0, 12, 12, 40
"y:\Workplace_Keil\小车\遥控小车\STM32F10x_Car_In_Project_LYB_V2.3\APP\inc\map_SCOMandSBUS.h", "C++", 0, 12, 0, 0, 0, 0, 36, 29, 77
"y:\Workplace_Keil\小车\遥控小车\STM32F10x_Car_In_Project_LYB_V2.3\APP\inc\map_XDATA.h", "C++", 0, 58, 0, 0, 0, 0, 68, 63, 189
"y:\Workplace_Keil\小车\遥控小车\STM32F10x_Car_In_Project_LYB_V2.3\APP\src\algorithm_PID.c", "C", 42, 0, 0, 0, 0, 0, 34, 38, 114
"y:\Workplace_Keil\小车\遥控小车\STM32F10x_Car_In_Project_LYB_V2.3\APP\src\led.c", "C", 122, 0, 0, 0, 0, 0, 27, 35, 184
"y:\Workplace_Keil\小车\遥控小车\STM32F10x_Car_In_Project_LYB_V2.3\APP\src\map_SCOMandSBUS.c", "C", 78, 0, 0, 0, 0, 0, 49, 38, 165
"y:\Workplace_Keil\小车\遥控小车\STM32F10x_Car_In_Project_LYB_V2.3\APP\src\map_XDATA.c", "C", 101, 0, 0, 0, 0, 0, 54, 62, 217
"y:\Workplace_Keil\小车\遥控小车\STM32F10x_Car_In_Project_LYB_V2.3\BSP\inc\bsp_exti.h", "C++", 0, 99, 0, 0, 0, 0, 51, 70, 220
"y:\Workplace_Keil\小车\遥控小车\STM32F10x_Car_In_Project_LYB_V2.3\BSP\inc\bsp_iwdg.h", "C++", 0, 26, 0, 0, 0, 0, 35, 34, 95
"y:\Workplace_Keil\小车\遥控小车\STM32F10x_Car_In_Project_LYB_V2.3\BSP\inc\bsp_led.h", "C++", 0, 74, 0, 0, 0, 0, 64, 55, 193
"y:\Workplace_Keil\小车\遥控小车\STM32F10x_Car_In_Project_LYB_V2.3\BSP\inc\bsp_lora.h", "C++", 0, 117, 0, 0, 0, 0, 70, 66, 253
"y:\Workplace_Keil\小车\遥控小车\STM32F10x_Car_In_Project_LYB_V2.3\BSP\inc\bsp_motor.h", "C++", 0, 100, 0, 0, 0, 0, 58, 70, 228
"y:\Workplace_Keil\小车\遥控小车\STM32F10x_Car_In_Project_LYB_V2.3\BSP\inc\bsp_oled.h", "C++", 0, 73, 0, 0, 0, 0, 75, 57, 205
"y:\Workplace_Keil\小车\遥控小车\STM32F10x_Car_In_Project_LYB_V2.3\BSP\inc\bsp_pwm.h", "C++", 0, 142, 0, 0, 0, 0, 53, 73, 268
"y:\Workplace_Keil\小车\遥控小车\STM32F10x_Car_In_Project_LYB_V2.3\BSP\inc\bsp_robotarm.h", "C++", 0, 63, 0, 0, 0, 0, 54, 43, 160
"y:\Workplace_Keil\小车\遥控小车\STM32F10x_Car_In_Project_LYB_V2.3\BSP\inc\bsp_scom.h", "C++", 0, 140, 0, 0, 0, 0, 94, 75, 309
"y:\Workplace_Keil\小车\遥控小车\STM32F10x_Car_In_Project_LYB_V2.3\BSP\inc\bsp_ultrasonic.h", "C++", 0, 73, 0, 0, 0, 0, 63, 73, 209
"y:\Workplace_Keil\小车\遥控小车\STM32F10x_Car_In_Project_LYB_V2.3\BSP\src\bsp_exti.c", "C", 173, 0, 0, 0, 0, 0, 56, 73, 302
"y:\Workplace_Keil\小车\遥控小车\STM32F10x_Car_In_Project_LYB_V2.3\BSP\src\bsp_iwdg.c", "C", 28, 0, 0, 0, 0, 0, 34, 39, 101
"y:\Workplace_Keil\小车\遥控小车\STM32F10x_Car_In_Project_LYB_V2.3\BSP\src\bsp_led.c", "C", 241, 0, 0, 0, 0, 0, 93, 104, 438
"y:\Workplace_Keil\小车\遥控小车\STM32F10x_Car_In_Project_LYB_V2.3\BSP\src\bsp_led_it.c", "C", 31, 0, 0, 0, 0, 0, 20, 15, 66
"y:\Workplace_Keil\小车\遥控小车\STM32F10x_Car_In_Project_LYB_V2.3\BSP\src\bsp_lora.c", "C", 282, 0, 0, 0, 0, 0, 88, 103, 473
"y:\Workplace_Keil\小车\遥控小车\STM32F10x_Car_In_Project_LYB_V2.3\BSP\src\bsp_motor.c", "C", 361, 0, 0, 0, 0, 0, 85, 136, 582
"y:\Workplace_Keil\小车\遥控小车\STM32F10x_Car_In_Project_LYB_V2.3\BSP\src\bsp_oled.c", "C", 291, 0, 0, 0, 0, 0, 97, 111, 499
"y:\Workplace_Keil\小车\遥控小车\STM32F10x_Car_In_Project_LYB_V2.3\BSP\src\bsp_pwm.c", "C", 257, 0, 0, 0, 0, 0, 60, 66, 383
"y:\Workplace_Keil\小车\遥控小车\STM32F10x_Car_In_Project_LYB_V2.3\BSP\src\bsp_robotarm.c", "C", 137, 0, 0, 0, 0, 0, 57, 71, 265
"y:\Workplace_Keil\小车\遥控小车\STM32F10x_Car_In_Project_LYB_V2.3\BSP\src\bsp_scom.c", "C", 542, 0, 0, 0, 0, 0, 156, 181, 879
"y:\Workplace_Keil\小车\遥控小车\STM32F10x_Car_In_Project_LYB_V2.3\BSP\src\bsp_scom_it.c", "C", 73, 0, 0, 0, 0, 0, 40, 44, 157
"y:\Workplace_Keil\小车\遥控小车\STM32F10x_Car_In_Project_LYB_V2.3\BSP\src\bsp_ultrasonic.c", "C", 208, 0, 0, 0, 0, 0, 90, 110, 408
"y:\Workplace_Keil\小车\遥控小车\STM32F10x_Car_In_Project_LYB_V2.3\BSP\src\bsp_ultrasonic_it.c", "C", 43, 0, 0, 0, 0, 0, 25, 20, 88
"y:\Workplace_Keil\小车\遥控小车\STM32F10x_Car_In_Project_LYB_V2.3\FWlib\inc\debug.log", "Log", 0, 0, 0, 0, 0, 0, 0, 1, 1
"y:\Workplace_Keil\小车\遥控小车\STM32F10x_Car_In_Project_LYB_V2.3\FWlib\inc\misc.h", "C++", 0, 49, 0, 0, 0, 0, 131, 41, 221
"y:\Workplace_Keil\小车\遥控小车\STM32F10x_Car_In_Project_LYB_V2.3\FWlib\inc\stm32f10x_adc.h", "C++", 0, 227, 0, 0, 0, 0, 176, 81, 484
"y:\Workplace_Keil\小车\遥控小车\STM32F10x_Car_In_Project_LYB_V2.3\FWlib\inc\stm32f10x_bkp.h", "C++", 0, 91, 0, 0, 0, 0, 78, 27, 196
"y:\Workplace_Keil\小车\遥控小车\STM32F10x_Car_In_Project_LYB_V2.3\FWlib\inc\stm32f10x_can.h", "C++", 0, 254, 0, 0, 0, 0, 296, 148, 698
"y:\Workplace_Keil\小车\遥控小车\STM32F10x_Car_In_Project_LYB_V2.3\FWlib\inc\stm32f10x_cec.h", "C++", 0, 67, 0, 0, 0, 0, 107, 37, 211
"y:\Workplace_Keil\小车\遥控小车\STM32F10x_Car_In_Project_LYB_V2.3\FWlib\inc\stm32f10x_conf.h", "C++", 0, 32, 0, 0, 0, 0, 38, 8, 78
"y:\Workplace_Keil\小车\遥控小车\STM32F10x_Car_In_Project_LYB_V2.3\FWlib\inc\stm32f10x_crc.h", "C++", 0, 16, 0, 0, 0, 0, 60, 19, 95
"y:\Workplace_Keil\小车\遥控小车\STM32F10x_Car_In_Project_LYB_V2.3\FWlib\inc\stm32f10x_dac.h", "C++", 0, 137, 0, 0, 0, 0, 133, 48, 318
"y:\Workplace_Keil\小车\遥控小车\STM32F10x_Car_In_Project_LYB_V2.3\FWlib\inc\stm32f10x_dbgmcu.h", "C++", 0, 40, 0, 0, 0, 0, 60, 20, 120
"y:\Workplace_Keil\小车\遥控小车\STM32F10x_Car_In_Project_LYB_V2.3\FWlib\inc\stm32f10x_dma.h", "C++", 0, 236, 0, 0, 0, 0, 141, 63, 440
"y:\Workplace_Keil\小车\遥控小车\STM32F10x_Car_In_Project_LYB_V2.3\FWlib\inc\stm32f10x_exti.h", "C++", 0, 71, 0, 0, 0, 0, 80, 34, 185
"y:\Workplace_Keil\小车\遥控小车\STM32F10x_Car_In_Project_LYB_V2.3\FWlib\inc\stm32f10x_flash.h", "C++", 0, 206, 0, 0, 0, 0, 163, 58, 427
"y:\Workplace_Keil\小车\遥控小车\STM32F10x_Car_In_Project_LYB_V2.3\FWlib\inc\stm32f10x_fsmc.h", "C++", 0, 210, 0, 0, 0, 0, 359, 165, 734
"y:\Workplace_Keil\小车\遥控小车\STM32F10x_Car_In_Project_LYB_V2.3\FWlib\inc\stm32f10x_gpio.h", "C++", 0, 223, 0, 0, 0, 0, 108, 55, 386
"y:\Workplace_Keil\小车\遥控小车\STM32F10x_Car_In_Project_LYB_V2.3\FWlib\inc\stm32f10x_i2c.h", "C++", 0, 204, 0, 0, 0, 0, 398, 83, 685
"y:\Workplace_Keil\小车\遥控小车\STM32F10x_Car_In_Project_LYB_V2.3\FWlib\inc\stm32f10x_iwdg.h", "C++", 0, 38, 0, 0, 0, 0, 78, 25, 141
"y:\Workplace_Keil\小车\遥控小车\STM32F10x_Car_In_Project_LYB_V2.3\FWlib\inc\stm32f10x_pwr.h", "C++", 0, 44, 0, 0, 0, 0, 84, 29, 157
"y:\Workplace_Keil\小车\遥控小车\STM32F10x_Car_In_Project_LYB_V2.3\FWlib\inc\stm32f10x_rcc.h", "C++", 0, 417, 0, 0, 0, 0, 206, 105, 728
"y:\Workplace_Keil\小车\遥控小车\STM32F10x_Car_In_Project_LYB_V2.3\FWlib\inc\stm32f10x_rtc.h", "C++", 0, 40, 0, 0, 0, 0, 72, 24, 136
"y:\Workplace_Keil\小车\遥控小车\STM32F10x_Car_In_Project_LYB_V2.3\FWlib\inc\stm32f10x_sdio.h", "C++", 0, 256, 0, 0, 0, 0, 195, 81, 532
"y:\Workplace_Keil\小车\遥控小车\STM32F10x_Car_In_Project_LYB_V2.3\FWlib\inc\stm32f10x_spi.h", "C++", 0, 196, 0, 0, 0, 0, 210, 82, 488
"y:\Workplace_Keil\小车\遥控小车\STM32F10x_Car_In_Project_LYB_V2.3\FWlib\inc\stm32f10x_tim.h", "C++", 0, 615, 0, 0, 0, 0, 394, 156, 1165
"y:\Workplace_Keil\小车\遥控小车\STM32F10x_Car_In_Project_LYB_V2.3\FWlib\inc\stm32f10x_usart.h", "C++", 0, 171, 0, 0, 0, 0, 174, 68, 413
"y:\Workplace_Keil\小车\遥控小车\STM32F10x_Car_In_Project_LYB_V2.3\FWlib\inc\stm32f10x_wwdg.h", "C++", 0, 28, 0, 0, 0, 0, 66, 22, 116
"y:\Workplace_Keil\小车\遥控小车\STM32F10x_Car_In_Project_LYB_V2.3\FWlib\inc\system_stm32f10x.h", "C++", 0, 12, 0, 0, 0, 0, 66, 21, 99
"y:\Workplace_Keil\小车\遥控小车\STM32F10x_Car_In_Project_LYB_V2.3\FWlib\src\misc.c", "C", 62, 0, 0, 0, 0, 0, 132, 32, 226
"y:\Workplace_Keil\小车\遥控小车\STM32F10x_Car_In_Project_LYB_V2.3\FWlib\src\stm32f10x_adc.c", "C", 535, 0, 0, 0, 0, 0, 680, 93, 1308
"y:\Workplace_Keil\小车\遥控小车\STM32F10x_Car_In_Project_LYB_V2.3\FWlib\src\stm32f10x_bkp.c", "C", 87, 0, 0, 0, 0, 0, 173, 49, 309
"y:\Workplace_Keil\小车\遥控小车\STM32F10x_Car_In_Project_LYB_V2.3\FWlib\src\stm32f10x_can.c", "C", 749, 0, 0, 0, 0, 0, 522, 145, 1416
"y:\Workplace_Keil\小车\遥控小车\STM32F10x_Car_In_Project_LYB_V2.3\FWlib\src\stm32f10x_cec.c", "C", 130, 0, 0, 0, 0, 0, 227, 77, 434
"y:\Workplace_Keil\小车\遥控小车\STM32F10x_Car_In_Project_LYB_V2.3\FWlib\src\stm32f10x_crc.c", "C", 31, 0, 0, 0, 0, 0, 103, 27, 161
"y:\Workplace_Keil\小车\遥控小车\STM32F10x_Car_In_Project_LYB_V2.3\FWlib\src\stm32f10x_dac.c", "C", 206, 0, 0, 0, 0, 0, 308, 58, 572
"y:\Workplace_Keil\小车\遥控小车\STM32F10x_Car_In_Project_LYB_V2.3\FWlib\src\stm32f10x_dbgmcu.c", "C", 23, 0, 0, 0, 0, 0, 117, 23, 163
"y:\Workplace_Keil\小车\遥控小车\STM32F10x_Car_In_Project_LYB_V2.3\FWlib\src\stm32f10x_dma.c", "C", 221, 0, 0, 0, 0, 0, 437, 57, 715
"y:\Workplace_Keil\小车\遥控小车\STM32F10x_Car_In_Project_LYB_V2.3\FWlib\src\stm32f10x_exti.c", "C", 96, 0, 0, 0, 0, 0, 132, 42, 270
"y:\Workplace_Keil\小车\遥控小车\STM32F10x_Car_In_Project_LYB_V2.3\FWlib\src\stm32f10x_flash.c", "C", 802, 0, 0, 0, 0, 0, 708, 175, 1685
"y:\Workplace_Keil\小车\遥控小车\STM32F10x_Car_In_Project_LYB_V2.3\FWlib\src\stm32f10x_fsmc.c", "C", 484, 0, 0, 0, 0, 0, 310, 73, 867
"y:\Workplace_Keil\小车\遥控小车\STM32F10x_Car_In_Project_LYB_V2.3\FWlib\src\stm32f10x_gpio.c", "C", 292, 0, 0, 0, 0, 0, 293, 66, 651
"y:\Workplace_Keil\小车\遥控小车\STM32F10x_Car_In_Project_LYB_V2.3\FWlib\src\stm32f10x_i2c.c", "C", 494, 0, 0, 0, 0, 0, 719, 119, 1332
"y:\Workplace_Keil\小车\遥控小车\STM32F10x_Car_In_Project_LYB_V2.3\FWlib\src\stm32f10x_iwdg.c", "C", 40, 0, 0, 0, 0, 0, 124, 27, 191
"y:\Workplace_Keil\小车\遥控小车\STM32F10x_Car_In_Project_LYB_V2.3\FWlib\src\stm32f10x_pwr.c", "C", 91, 0, 0, 0, 0, 0, 175, 42, 308
"y:\Workplace_Keil\小车\遥控小车\STM32F10x_Car_In_Project_LYB_V2.3\FWlib\src\stm32f10x_rcc.c", "C", 579, 0, 0, 0, 0, 0, 744, 148, 1471
"y:\Workplace_Keil\小车\遥控小车\STM32F10x_Car_In_Project_LYB_V2.3\FWlib\src\stm32f10x_rtc.c", "C", 111, 0, 0, 0, 0, 0, 190, 39, 340
"y:\Workplace_Keil\小车\遥控小车\STM32F10x_Car_In_Project_LYB_V2.3\FWlib\src\stm32f10x_sdio.c", "C", 252, 0, 0, 0, 0, 0, 441, 107, 800
"y:\Workplace_Keil\小车\遥控小车\STM32F10x_Car_In_Project_LYB_V2.3\FWlib\src\stm32f10x_spi.c", "C", 375, 0, 0, 0, 0, 0, 438, 96, 909
"y:\Workplace_Keil\小车\遥控小车\STM32F10x_Car_In_Project_LYB_V2.3\FWlib\src\stm32f10x_tim.c", "C", 1226, 0, 0, 0, 0, 0, 1436, 229, 2891
"y:\Workplace_Keil\小车\遥控小车\STM32F10x_Car_In_Project_LYB_V2.3\FWlib\src\stm32f10x_usart.c", "C", 458, 0, 0, 0, 0, 0, 502, 99, 1059
"y:\Workplace_Keil\小车\遥控小车\STM32F10x_Car_In_Project_LYB_V2.3\FWlib\src\stm32f10x_wwdg.c", "C", 53, 0, 0, 0, 0, 0, 136, 36, 225
"y:\Workplace_Keil\小车\遥控小车\STM32F10x_Car_In_Project_LYB_V2.3\LIB\inc\lib_oledfont.h", "C++", 0, 97, 0, 0, 0, 0, 9, 13, 119
"y:\Workplace_Keil\小车\遥控小车\STM32F10x_Car_In_Project_LYB_V2.3\Output\keilkill.bat", "Batch", 0, 0, 26, 0, 0, 0, 0, 2, 28
"y:\Workplace_Keil\小车\遥控小车\STM32F10x_Car_In_Project_LYB_V2.3\Output\stm32f10x_ADCtoPWM.build_log.htm", "HTML", 0, 0, 0, 0, 0, 66, 0, 6, 72
"y:\Workplace_Keil\小车\遥控小车\STM32F10x_Car_In_Project_LYB_V2.3\Output\stm32f10x_ADCtoPWM.htm", "HTML", 0, 0, 0, 0, 0, 2065, 0, 432, 2497
"y:\Workplace_Keil\小车\遥控小车\STM32F10x_Car_In_Project_LYB_V2.3\Output\stm32f10x_Car.build_log.htm", "HTML", 0, 0, 0, 0, 0, 79, 0, 6, 85
"y:\Workplace_Keil\小车\遥控小车\STM32F10x_Car_In_Project_LYB_V2.3\Output\stm32f10x_Car.htm", "HTML", 0, 0, 0, 0, 0, 3184, 0, 581, 3765
"y:\Workplace_Keil\小车\遥控小车\STM32F10x_Car_In_Project_LYB_V2.3\Output\stm32f10x_module4in1.htm", "HTML", 0, 0, 0, 0, 0, 2246, 0, 423, 2669
"y:\Workplace_Keil\小车\遥控小车\STM32F10x_Car_In_Project_LYB_V2.3\Sys_Init\inc\core_cm3.h", "C++", 0, 374, 0, 0, 0, 0, 714, 177, 1265
"y:\Workplace_Keil\小车\遥控小车\STM32F10x_Car_In_Project_LYB_V2.3\Sys_Init\inc\stm32f10x.h", "C++", 0, 6179, 0, 0, 0, 0, 988, 1197, 8364
"y:\Workplace_Keil\小车\遥控小车\STM32F10x_Car_In_Project_LYB_V2.3\Sys_Init\src\RTX_Config.c", "C", 52, 0, 0, 0, 0, 0, 96, 38, 186
"y:\Workplace_Keil\小车\遥控小车\STM32F10x_Car_In_Project_LYB_V2.3\Sys_Init\src\core_cm3.c", "C", 274, 0, 0, 0, 0, 0, 430, 102, 806
"y:\Workplace_Keil\小车\遥控小车\STM32F10x_Car_In_Project_LYB_V2.3\Sys_Init\src\system_stm32f10x.c", "C", 525, 0, 0, 0, 0, 0, 401, 169, 1095
"y:\Workplace_Keil\小车\遥控小车\STM32F10x_Car_In_Project_LYB_V2.3\User_Prog\inc\Common_Data_Area.h", "C++", 0, 44, 0, 0, 0, 0, 49, 45, 138
"y:\Workplace_Keil\小车\遥控小车\STM32F10x_Car_In_Project_LYB_V2.3\User_Prog\inc\Task_Data_Input.h", "C++", 0, 8, 0, 0, 0, 0, 19, 17, 44
"y:\Workplace_Keil\小车\遥控小车\STM32F10x_Car_In_Project_LYB_V2.3\User_Prog\inc\Task_Data_Output.h", "C++", 0, 11, 0, 0, 0, 0, 20, 18, 49
"y:\Workplace_Keil\小车\遥控小车\STM32F10x_Car_In_Project_LYB_V2.3\User_Prog\inc\Task_Data_Remap.h", "C++", 0, 6, 0, 0, 0, 0, 16, 13, 35
"y:\Workplace_Keil\小车\遥控小车\STM32F10x_Car_In_Project_LYB_V2.3\User_Prog\inc\device_timer.h", "C++", 0, 5, 0, 0, 0, 0, 9, 4, 18
"y:\Workplace_Keil\小车\遥控小车\STM32F10x_Car_In_Project_LYB_V2.3\User_Prog\inc\init.h", "C++", 0, 12, 0, 0, 0, 0, 15, 12, 39
"y:\Workplace_Keil\小车\遥控小车\STM32F10x_Car_In_Project_LYB_V2.3\User_Prog\inc\scheduler.h", "C++", 0, 19, 0, 0, 0, 0, 14, 9, 42
"y:\Workplace_Keil\小车\遥控小车\STM32F10x_Car_In_Project_LYB_V2.3\User_Prog\inc\time.h", "C++", 0, 12, 0, 0, 0, 0, 33, 11, 56
"y:\Workplace_Keil\小车\遥控小车\STM32F10x_Car_In_Project_LYB_V2.3\User_Prog\src\Common_Data_Area.c", "C", 111, 0, 0, 0, 0, 0, 38, 46, 195
"y:\Workplace_Keil\小车\遥控小车\STM32F10x_Car_In_Project_LYB_V2.3\User_Prog\src\Task_Data_Input.c", "C", 36, 0, 0, 0, 0, 0, 19, 26, 81
"y:\Workplace_Keil\小车\遥控小车\STM32F10x_Car_In_Project_LYB_V2.3\User_Prog\src\Task_Data_Output.c", "C", 72, 0, 0, 0, 0, 0, 27, 42, 141
"y:\Workplace_Keil\小车\遥控小车\STM32F10x_Car_In_Project_LYB_V2.3\User_Prog\src\Task_Data_Remap.c", "C", 101, 0, 0, 0, 0, 0, 32, 46, 179
"y:\Workplace_Keil\小车\遥控小车\STM32F10x_Car_In_Project_LYB_V2.3\User_Prog\src\device_timer.c", "C", 12, 0, 0, 0, 0, 0, 13, 3, 28
"y:\Workplace_Keil\小车\遥控小车\STM32F10x_Car_In_Project_LYB_V2.3\User_Prog\src\init.c", "C", 95, 0, 0, 0, 0, 0, 35, 64, 194
"y:\Workplace_Keil\小车\遥控小车\STM32F10x_Car_In_Project_LYB_V2.3\User_Prog\src\main.c", "C", 92, 0, 0, 0, 0, 0, 128, 53, 273
"y:\Workplace_Keil\小车\遥控小车\STM32F10x_Car_In_Project_LYB_V2.3\User_Prog\src\scheduler.c", "C", 86, 0, 0, 0, 0, 0, 34, 21, 141
"y:\Workplace_Keil\小车\遥控小车\STM32F10x_Car_In_Project_LYB_V2.3\User_Prog\src\time.c", "C", 60, 0, 0, 0, 0, 0, 58, 22, 140
"y:\Workplace_Keil\小车\遥控小车\STM32F10x_Car_In_Project_LYB_V2.3\project\JLinkSettings.ini", "Ini", 0, 0, 0, 31, 0, 0, 0, 1, 32
"y:\Workplace_Keil\小车\遥控小车\STM32F10x_Car_In_Project_LYB_V2.3\project\keilkill.bat", "Batch", 0, 0, 26, 0, 0, 0, 0, 2, 28
"Total", "-", 11923, 11670, 52, 31, 0, 7640, 17953, 8972, 58241